<?xml version="1.0"?>
<data>
	<item><email>dayana@mail.ru</email>
	<password>12345</password></item>
	<item><email>di@mail.ru</email>
	<password>12</password></item>
	<item><email>t.dinar.s@mail.ru</email>
	<password>151511</password></item>
	<item><email>t.dinar.s@mail.ru</email>
	<password>151511</password></item>
<item><email>nana@mail.ru</email><password>6969</password></item><item><email>nana@mail.ru</email><password>6969</password></item><item><email>nana@mail.ru</email><password>6969</password></item><item><email>dana@mail.ru</email><password>5898</password></item><item><email>5211@mail.ru</email><password>555555555</password></item></data>
